assembly,reaction,flux,description
DSM27147_S345.asm1,EX_arg__L_e,-0.0108716573742407,L-Arginine
DSM27147_S345.asm1,EX_asn__L_e,-0.0088598318019,L-Asparagine
DSM27147_S345.asm1,EX_asp__L_e,-0.2238380911729582,L-Aspartate
DSM27147_S345.asm1,EX_ca2_e,-0.0001913066500545,Calcium
DSM27147_S345.asm1,EX_cl_e,-0.0001913066500545,Chloride
DSM27147_S345.asm1,EX_co2_e,4.114840474454221,CO2 CO2
DSM27147_S345.asm1,EX_cobalt2_e,-3.675439962622645e-06,Co2+
DSM27147_S345.asm1,EX_csn_e,-0.0059,Cytosine
DSM27147_S345.asm1,EX_cys__L_e,-0.003400167886622,L-Cysteine
DSM27147_S345.asm1,EX_fe2_e,-0.0002468057934901,Fe2+ mitochondria
DSM27147_S345.asm1,EX_fe3_e,-0.0002869783522815,Iron (Fe3+)
DSM27147_S345.asm1,EX_fol_e,-2.45886933499459e-05,Folate
DSM27147_S345.asm1,EX_gln__L_e,-0.0320750499922126,L-Glutamine
DSM27147_S345.asm1,EX_glu__L_e,-0.027572163851151,L-Glutamate
DSM27147_S345.asm1,EX_gua_e,-0.006,Guanine
DSM27147_S345.asm1,EX_h2o_e,-4.317002623691863,H2O H2O
DSM27147_S345.asm1,EX_h_e,1.2503185756280677,H+
DSM27147_S345.asm1,EX_his__L_e,-0.0034820383117894,L-Histidine
DSM27147_S345.asm1,EX_ile__L_e,-0.0106782189690079,L-Isoleucine
DSM27147_S345.asm1,EX_isobuta_e,3.76761253586424,Isobutyric acid
DSM27147_S345.asm1,EX_k_e,-0.007174201526242,Potassium
DSM27147_S345.asm1,EX_leu__L_e,-0.0165589964180034,L-Leucine
DSM27147_S345.asm1,EX_lys__L_e,-0.0126126765301354,L-Lysine
DSM27147_S345.asm1,EX_met__L_e,-0.0056568328920728,L-Methionine
DSM27147_S345.asm1,EX_mg2_e,-0.0003188444167575,Magnesium
DSM27147_S345.asm1,EX_mn2_e,-2.5397290141722477e-05,Manganese
DSM27147_S345.asm1,EX_nh4_e,4.895940760783391,Ammonium
DSM27147_S345.asm1,EX_no3_e,-0.9694039621218352,Nitrate
DSM27147_S345.asm1,EX_phe__L_e,-0.0068093038467528,L-Phenylalanine
DSM27147_S345.asm1,EX_pi_e,-0.0362432561906237,Phosphate
DSM27147_S345.asm1,EX_pro__L_e,-0.0081247438093754,L-Proline
DSM27147_S345.asm1,EX_sel_e,-9.35399470487463e-06,Selenate
DSM27147_S345.asm1,EX_ser__L_e,-0.0239649160566885,L-Serine
DSM27147_S345.asm1,EX_slnt_e,9.35399470487463e-06,Selenite
DSM27147_S345.asm1,EX_so4_e,-0.0001594405855785,Sulfate
DSM27147_S345.asm1,EX_thm_e,4.833203550848776e-06,Thiamin
DSM27147_S345.asm1,EX_thr__L_e,-0.0233164581840836,L-Threonine
DSM27147_S345.asm1,EX_trp__L_e,-0.0020892303379535,L-Tryptophan
DSM27147_S345.asm1,EX_tyr__L_e,-0.0050813141255256,L-Tyrosine
DSM27147_S345.asm1,EX_ura_e,-0.0059,Uracil
DSM27147_S345.asm1,EX_val__L_e,-3.746563248823556,L-Valine
DSM27147_S345.asm1,EX_xan_e,-0.0029151104189378,Xanthine
DSM27147_S345.asm1,EX_zn2_e,-1.2533250272543216e-05,Zinc
DSM27147_S345.asm1,EX_cu_e,-2.605886933499455e-05,Cu+
W291_S157.asm1,EX_acald_e,0.0066380467216958,Acetaldehyde
W291_S157.asm1,EX_ala__L_e,-0.1658906457976433,L-Alanine
W291_S157.asm1,EX_arg__L_e,-0.0108716573742407,L-Arginine
W291_S157.asm1,EX_asn__L_e,-0.0088598318019,L-Asparagine
W291_S157.asm1,EX_asp__L_e,-0.0280013117894379,L-Aspartate
W291_S157.asm1,EX_ca2_e,-0.0001913066500545,Calcium
W291_S157.asm1,EX_cl_e,-0.0001913066500545,Chloride
W291_S157.asm1,EX_co2_e,3.9974577983476447,CO2 CO2
W291_S157.asm1,EX_cobalt2_e,-3.675439962622645e-06,Co2+
W291_S157.asm1,EX_csn_e,-0.0059,Cytosine
W291_S157.asm1,EX_cys__L_e,-0.0033871384519545,L-Cysteine
W291_S157.asm1,EX_fe2_e,-0.0002468057934901,Fe2+ mitochondria
W291_S157.asm1,EX_fe3_e,-0.0002869783522815,Iron (Fe3+)
W291_S157.asm1,EX_for_e,6.0736645382340325e-05,Formate
W291_S157.asm1,EX_glu__L_e,-0.0348484634792088,L-Glutamate
W291_S157.asm1,EX_gua_e,-0.006,Guanine
W291_S157.asm1,EX_h2o_e,-4.021094676604271,H2O H2O
W291_S157.asm1,EX_his__L_e,-0.0034820383117894,L-Histidine
W291_S157.asm1,EX_ile__L_e,-0.0106782189690079,L-Isoleucine
W291_S157.asm1,EX_isobuta_e,3.945702053759576,Isobutyric acid
W291_S157.asm1,EX_k_e,-0.007174201526242,Potassium
W291_S157.asm1,EX_leu__L_e,-0.0165589964180034,L-Leucine
W291_S157.asm1,EX_lys__L_e,-0.0126126765301354,L-Lysine
W291_S157.asm1,EX_met__L_e,-0.0056568328920728,L-Methionine
W291_S157.asm1,EX_mg2_e,-0.0003188444167575,Magnesium
W291_S157.asm1,EX_mn2_e,-2.5397290141722477e-05,Manganese
W291_S157.asm1,EX_nh4_e,5.197086846448734,Ammonium
W291_S157.asm1,EX_no3_e,-1.1508735248700204,Nitrate
W291_S157.asm1,EX_phe__L_e,-0.0068093038467528,L-Phenylalanine
W291_S157.asm1,EX_pi_e,-0.03624325619062,Phosphate
W291_S157.asm1,EX_pnto__R_e,-2.1170534184706928e-05,(R)-Pantothenate
W291_S157.asm1,EX_sel_e,-2.0913253387324125e-05,Selenate
W291_S157.asm1,EX_ser__L_e,-0.0239502602398351,L-Serine
W291_S157.asm1,EX_slnt_e,2.0913253387324125e-05,Selenite
W291_S157.asm1,EX_so4_e,-0.0001594405855785,Sulfate
W291_S157.asm1,EX_succ_e,0.0036754399626226,Succinate
W291_S157.asm1,EX_thm_e,-8.196231116648498e-06,Thiamin
W291_S157.asm1,EX_thr__L_e,-0.0233130400249196,L-Threonine
W291_S157.asm1,EX_trp__L_e,-0.0020892303379535,L-Tryptophan
W291_S157.asm1,EX_tyr__L_e,-0.0050682846908581,L-Tyrosine
W291_S157.asm1,EX_ura_e,-0.0059,Uracil
W291_S157.asm1,EX_val__L_e,-3.961255119014209,L-Valine
W291_S157.asm1,EX_xan_e,-0.002933184394954,Xanthine
W291_S157.asm1,EX_zn2_e,-1.2533250272543216e-05,Zinc
W291_S157.asm1,EX_cu_e,-2.605886933499455e-05,Cu+
M4_S151.asm1,EX_acald_e,0.0065957056533264,Acetaldehyde
M4_S151.asm1,EX_ala__L_e,-0.1658906457976437,L-Alanine
M4_S151.asm1,EX_arg__L_e,-0.0108716573742407,L-Arginine
M4_S151.asm1,EX_asn__L_e,-0.0088598318019,L-Asparagine
M4_S151.asm1,EX_asp__L_e,-0.028001311789438,L-Aspartate
M4_S151.asm1,EX_ca2_e,-0.0001913066500545,Calcium
M4_S151.asm1,EX_cl_e,-0.0001913066500545,Chloride
M4_S151.asm1,EX_co2_e,3.995557921425939,CO2 CO2
M4_S151.asm1,EX_cobalt2_e,-3.675439962622645e-06,Co2+
M4_S151.asm1,EX_csn_e,-0.0059,Cytosine
M4_S151.asm1,EX_cys__L_e,-0.0033871384519545,L-Cysteine
M4_S151.asm1,EX_fe2_e,-0.0002468057934901,Fe2+ mitochondria
M4_S151.asm1,EX_fe3_e,-0.0002869783522815,Iron (Fe3+)
M4_S151.asm1,EX_for_e,6.0736645382339e-05,Formate
M4_S151.asm1,EX_glu__L_e,-0.0311730235165862,L-Glutamate
M4_S151.asm1,EX_gua_e,-0.006,Guanine
M4_S151.asm1,EX_h2o_e,-4.020115912192852,H2O H2O
M4_S151.asm1,EX_his__L_e,-0.0034820383117894,L-Histidine
M4_S151.asm1,EX_ile__L_e,-0.0106782189690079,L-Isoleucine
M4_S151.asm1,EX_isobuta_e,3.947498787334677,Isobutyric acid
M4_S151.asm1,EX_k_e,-0.007174201526242,Potassium
M4_S151.asm1,EX_leu__L_e,-0.0165589964180034,L-Leucine
M4_S151.asm1,EX_lys__L_e,-0.0126126765301354,L-Lysine
M4_S151.asm1,EX_met__L_e,-0.0056568328920728,L-Methionine
M4_S151.asm1,EX_mg2_e,-0.0003188444167575,Magnesium
M4_S151.asm1,EX_mn2_e,-2.5397290141722477e-05,Manganese
M4_S151.asm1,EX_nh4_e,5.194274867095276,Ammonium
M4_S151.asm1,EX_no3_e,-1.149940251904083,Nitrate
M4_S151.asm1,EX_phe__L_e,-0.0068093038467528,L-Phenylalanine
M4_S151.asm1,EX_pi_e,-0.0362432561906205,Phosphate
M4_S151.asm1,EX_sel_e,-2.091325338732409e-05,Selenate
M4_S151.asm1,EX_ser__L_e,-0.0239714307740198,L-Serine
M4_S151.asm1,EX_slnt_e,2.091325338732409e-05,Selenite
M4_S151.asm1,EX_so4_e,-0.0001594405855785,Sulfate
M4_S151.asm1,EX_thm_e,-8.196231116648498e-06,Thiamin
M4_S151.asm1,EX_thr__L_e,-0.0232918694907349,L-Threonine
M4_S151.asm1,EX_trp__L_e,-0.0020892303379535,L-Tryptophan
M4_S151.asm1,EX_tyr__L_e,-0.0050682846908581,L-Tyrosine
M4_S151.asm1,EX_ura_e,-0.0059,Uracil
M4_S151.asm1,EX_val__L_e,-3.963073023123495,L-Valine
M4_S151.asm1,EX_xan_e,-0.002933184394954,Xanthine
M4_S151.asm1,EX_zn2_e,-1.2533250272543216e-05,Zinc
M4_S151.asm1,EX_cu_e,-2.605886933499455e-05,Cu+
M8_S152.asm1,EX_arg__L_e,-0.0108716573742407,L-Arginine
M8_S152.asm1,EX_asn__L_e,-0.0088598318019,L-Asparagine
M8_S152.asm1,EX_asp__L_e,-0.2038569298655449,L-Aspartate
M8_S152.asm1,EX_ca2_e,-0.0001913066500545,Calcium
M8_S152.asm1,EX_cl_e,-0.0001913066500545,Chloride
M8_S152.asm1,EX_co2_e,4.075354651967872,CO2 CO2
M8_S152.asm1,EX_cobalt2_e,-3.675439962622645e-06,Co2+
M8_S152.asm1,EX_csn_e,-0.0059,Cytosine
M8_S152.asm1,EX_cys__L_e,-0.0033871384519545,L-Cysteine
M8_S152.asm1,EX_fe2_e,-0.0002468057934901,Fe2+ mitochondria
M8_S152.asm1,EX_fe3_e,-0.0002869783522815,Iron (Fe3+)
M8_S152.asm1,EX_gln__L_e,-0.0230482797072107,L-Glutamine
M8_S152.asm1,EX_gua_e,-0.006,Guanine
M8_S152.asm1,EX_h2o_e,-4.389289596888183,H2O H2O
M8_S152.asm1,EX_h_e,1.5223902285654949,H+
M8_S152.asm1,EX_his__L_e,-0.0034820383117894,L-Histidine
M8_S152.asm1,EX_ile__L_e,-0.0106782189690079,L-Isoleucine
M8_S152.asm1,EX_isobuta_e,3.8248585574862224,Isobutyric acid
M8_S152.asm1,EX_k_e,-0.007174201526242,Potassium
M8_S152.asm1,EX_lys__L_e,-0.0126126765301354,L-Lysine
M8_S152.asm1,EX_met__L_e,-0.0056568328920728,L-Methionine
M8_S152.asm1,EX_mg2_e,-0.0003188444167575,Magnesium
M8_S152.asm1,EX_mn2_e,-2.5397290141722477e-05,Manganese
M8_S152.asm1,EX_nh4_e,4.891645073916686,Ammonium
M8_S152.asm1,EX_no2_e,0.0903508148708484,Nitrite
M8_S152.asm1,EX_no3_e,-1.0272932960004744,Nitrate
M8_S152.asm1,EX_phe__L_e,-0.0068093038467528,L-Phenylalanine
M8_S152.asm1,EX_pi_e,-0.0362432561906256,Phosphate
M8_S152.asm1,EX_pro__L_e,-0.0081247438093754,L-Proline
M8_S152.asm1,EX_sel_e,-2.0913253387323257e-05,Selenate
M8_S152.asm1,EX_ser__L_e,-0.0239764753153712,L-Serine
M8_S152.asm1,EX_slnt_e,2.0913253387323257e-05,Selenite
M8_S152.asm1,EX_so4_e,-0.0001594405855785,Sulfate
M8_S152.asm1,EX_thm_e,-8.196231116648498e-06,Thiamin
M8_S152.asm1,EX_thr__L_e,-0.0232885064631678,L-Threonine
M8_S152.asm1,EX_trp__L_e,-0.0020892303379535,L-Tryptophan
M8_S152.asm1,EX_tyr__L_e,-0.0050682846908581,L-Tyrosine
M8_S152.asm1,EX_ura_e,-0.0059,Uracil
M8_S152.asm1,EX_val__L_e,-3.856991789693044,L-Valine
M8_S152.asm1,EX_xan_e,-0.0029315028811711,Xanthine
M8_S152.asm1,EX_zn2_e,-1.2533250272543216e-05,Zinc
M8_S152.asm1,EX_cu_e,-2.605886933499455e-05,Cu+
M2_S150.asm1,EX_acald_e,0.006595705653326,Acetaldehyde
M2_S150.asm1,EX_ala__L_e,-0.1809082729585198,L-Alanine
M2_S150.asm1,EX_arg__L_e,-0.0108716573742407,L-Arginine
M2_S150.asm1,EX_asn__L_e,-0.0088598318019,L-Asparagine
M2_S150.asm1,EX_asp__L_e,-0.0129836846285625,L-Aspartate
M2_S150.asm1,EX_ca2_e,-0.0001913066500545,Calcium
M2_S150.asm1,EX_cl_e,-0.0001913066500545,Chloride
M2_S150.asm1,EX_co2_e,3.9840595490317967,CO2 CO2
M2_S150.asm1,EX_cobalt2_e,-3.675439962622645e-06,Co2+
M2_S150.asm1,EX_csn_e,-0.0059,Cytosine
M2_S150.asm1,EX_cys__L_e,-0.0033871384519545,L-Cysteine
M2_S150.asm1,EX_fe2_e,-0.0002468057934901,Fe2+ mitochondria
M2_S150.asm1,EX_fe3_e,-0.0002869783522815,Iron (Fe3+)
M2_S150.asm1,EX_for_e,6.07366453823403e-05,Formate
M2_S150.asm1,EX_glu__L_e,-0.0311730235165866,L-Glutamate
M2_S150.asm1,EX_gua_e,-0.006,Guanine
M2_S150.asm1,EX_h2o_e,-4.0194818042879925,H2O H2O
M2_S150.asm1,EX_his__L_e,-0.0034820383117894,L-Histidine
M2_S150.asm1,EX_ile__L_e,-0.0106782189690079,L-Isoleucine
M2_S150.asm1,EX_isobuta_e,3.951018042101411,Isobutyric acid
M2_S150.asm1,EX_k_e,-0.007174201526242,Potassium
M2_S150.asm1,EX_leu__L_e,-0.0165589964180034,L-Leucine
M2_S150.asm1,EX_lys__L_e,-0.0126126765301354,L-Lysine
M2_S150.asm1,EX_met__L_e,-0.0056568328920728,L-Methionine
M2_S150.asm1,EX_mg2_e,-0.0003188444167575,Magnesium
M2_S150.asm1,EX_mn2_e,-2.5397290141722477e-05,Manganese
M2_S150.asm1,EX_nh4_e,5.200351661008117,Ammonium
M2_S150.asm1,EX_no3_e,-1.1524977910501912,Nitrate
M2_S150.asm1,EX_phe__L_e,-0.0068093038467528,L-Phenylalanine
M2_S150.asm1,EX_pi_e,-0.0362432561906225,Phosphate
M2_S150.asm1,EX_sel_e,-2.091325338732409e-05,Selenate
M2_S150.asm1,EX_ser__L_e,-0.0239714307740207,L-Serine
M2_S150.asm1,EX_slnt_e,2.091325338732409e-05,Selenite
M2_S150.asm1,EX_so4_e,-0.0001594405855785,Sulfate
M2_S150.asm1,EX_thm_e,-8.196231116648498e-06,Thiamin
M2_S150.asm1,EX_thr__L_e,-0.0232918694907345,L-Threonine
M2_S150.asm1,EX_trp__L_e,-0.0020892303379535,L-Tryptophan
M2_S150.asm1,EX_tyr__L_e,-0.0050682846908581,L-Tyrosine
M2_S150.asm1,EX_ura_e,-0.0059,Uracil
M2_S150.asm1,EX_val__L_e,-3.966592277890229,L-Valine
M2_S150.asm1,EX_xan_e,-0.002933184394954,Xanthine
M2_S150.asm1,EX_zn2_e,-1.2533250272543216e-05,Zinc
M2_S150.asm1,EX_cu_e,-2.605886933499455e-05,Cu+
W298_S161.asm1,EX_acald_e,0.0066380467216958,Acetaldehyde
W298_S161.asm1,EX_ala__L_e,-0.1809082729585192,L-Alanine
W298_S161.asm1,EX_arg__L_e,-0.0108716573742407,L-Arginine
W298_S161.asm1,EX_asn__L_e,-0.0088598318019,L-Asparagine
W298_S161.asm1,EX_asp__L_e,-0.013067411150911,L-Aspartate
W298_S161.asm1,EX_ca2_e,-0.0001913066500545,Calcium
W298_S161.asm1,EX_cl_e,-0.0001913066500545,Chloride
W298_S161.asm1,EX_co2_e,3.9845616246319393,CO2 CO2
W298_S161.asm1,EX_cobalt2_e,-3.675439962622645e-06,Co2+
W298_S161.asm1,EX_csn_e,-0.0059,Cytosine
W298_S161.asm1,EX_cys__L_e,-0.0033871384519545,L-Cysteine
W298_S161.asm1,EX_fe2_e,-0.0002468057934901,Fe2+ mitochondria
W298_S161.asm1,EX_fe3_e,-0.0002869783522815,Iron (Fe3+)
W298_S161.asm1,EX_for_e,6.07366453823403e-05,Formate
W298_S161.asm1,EX_glu__L_e,-0.0348484634792082,L-Glutamate
W298_S161.asm1,EX_gua_e,-0.006,Guanine
W298_S161.asm1,EX_h2o_e,-4.0189732231591,H2O H2O
W298_S161.asm1,EX_his__L_e,-0.0034820383117894,L-Histidine
W298_S161.asm1,EX_ile__L_e,-0.0106782189690079,L-Isoleucine
W298_S161.asm1,EX_isobuta_e,3.947823507204746,Isobutyric acid
W298_S161.asm1,EX_k_e,-0.007174201526242,Potassium
W298_S161.asm1,EX_leu__L_e,-0.0165589964180034,L-Leucine
W298_S161.asm1,EX_lys__L_e,-0.0126126765301354,L-Lysine
W298_S161.asm1,EX_met__L_e,-0.0056568328920728,L-Methionine
W298_S161.asm1,EX_mg2_e,-0.0003188444167575,Magnesium
W298_S161.asm1,EX_mn2_e,-2.5397290141722477e-05,Manganese
W298_S161.asm1,EX_nh4_e,5.201413479861421,Ammonium
W298_S161.asm1,EX_no3_e,-1.1529949783151892,Nitrate
W298_S161.asm1,EX_phe__L_e,-0.0068093038467528,L-Phenylalanine
W298_S161.asm1,EX_pi_e,-0.0362432561906226,Phosphate
W298_S161.asm1,EX_pnto__R_e,-2.117053418470606e-05,(R)-Pantothenate
W298_S161.asm1,EX_sel_e,-2.091325338732409e-05,Selenate
W298_S161.asm1,EX_ser__L_e,-0.0239502602398352,L-Serine
W298_S161.asm1,EX_slnt_e,2.091325338732409e-05,Selenite
W298_S161.asm1,EX_so4_e,-0.0001594405855785,Sulfate
W298_S161.asm1,EX_succ_e,0.0037591664849711,Succinate
W298_S161.asm1,EX_thm_e,-8.196231116648498e-06,Thiamin
W298_S161.asm1,EX_thr__L_e,-0.0233130400249196,L-Threonine
W298_S161.asm1,EX_trp__L_e,-0.0020892303379535,L-Tryptophan
W298_S161.asm1,EX_tyr__L_e,-0.0050682846908581,L-Tyrosine
W298_S161.asm1,EX_ura_e,-0.0059,Uracil
W298_S161.asm1,EX_val__L_e,-3.9633765724593792,L-Valine
W298_S161.asm1,EX_xan_e,-0.002933184394954,Xanthine
W298_S161.asm1,EX_zn2_e,-1.2533250272543216e-05,Zinc
W298_S161.asm1,EX_cu_e,-2.605886933499455e-05,Cu+
W289_S348.asm1,EX_acald_e,0.0065957056533264,Acetaldehyde
W289_S348.asm1,EX_ala__L_e,-0.1658906457976437,L-Alanine
W289_S348.asm1,EX_arg__L_e,-0.0108716573742407,L-Arginine
W289_S348.asm1,EX_asn__L_e,-0.0088598318019,L-Asparagine
W289_S348.asm1,EX_asp__L_e,-0.028001311789438,L-Aspartate
W289_S348.asm1,EX_ca2_e,-0.0001913066500545,Calcium
W289_S348.asm1,EX_cl_e,-0.0001913066500545,Chloride
W289_S348.asm1,EX_co2_e,3.995557921425939,CO2 CO2
W289_S348.asm1,EX_cobalt2_e,-3.675439962622645e-06,Co2+
W289_S348.asm1,EX_csn_e,-0.0059,Cytosine
W289_S348.asm1,EX_cys__L_e,-0.0033871384519545,L-Cysteine
W289_S348.asm1,EX_fe2_e,-0.0002468057934901,Fe2+ mitochondria
W289_S348.asm1,EX_fe3_e,-0.0002869783522815,Iron (Fe3+)
W289_S348.asm1,EX_for_e,6.0736645382339e-05,Formate
W289_S348.asm1,EX_glu__L_e,-0.0311730235165862,L-Glutamate
W289_S348.asm1,EX_gua_e,-0.006,Guanine
W289_S348.asm1,EX_h2o_e,-4.020115912192852,H2O H2O
W289_S348.asm1,EX_his__L_e,-0.0034820383117894,L-Histidine
W289_S348.asm1,EX_ile__L_e,-0.0106782189690079,L-Isoleucine
W289_S348.asm1,EX_isobuta_e,3.947498787334677,Isobutyric acid
W289_S348.asm1,EX_k_e,-0.007174201526242,Potassium
W289_S348.asm1,EX_leu__L_e,-0.0165589964180034,L-Leucine
W289_S348.asm1,EX_lys__L_e,-0.0126126765301354,L-Lysine
W289_S348.asm1,EX_met__L_e,-0.0056568328920728,L-Methionine
W289_S348.asm1,EX_mg2_e,-0.0003188444167575,Magnesium
W289_S348.asm1,EX_mn2_e,-2.5397290141722477e-05,Manganese
W289_S348.asm1,EX_nh4_e,5.194274867095276,Ammonium
W289_S348.asm1,EX_no3_e,-1.149940251904083,Nitrate
W289_S348.asm1,EX_phe__L_e,-0.0068093038467528,L-Phenylalanine
W289_S348.asm1,EX_pi_e,-0.0362432561906205,Phosphate
W289_S348.asm1,EX_sel_e,-2.091325338732409e-05,Selenate
W289_S348.asm1,EX_ser__L_e,-0.0239714307740198,L-Serine
W289_S348.asm1,EX_slnt_e,2.091325338732409e-05,Selenite
W289_S348.asm1,EX_so4_e,-0.0001594405855785,Sulfate
W289_S348.asm1,EX_thm_e,-8.196231116648498e-06,Thiamin
W289_S348.asm1,EX_thr__L_e,-0.0232918694907349,L-Threonine
W289_S348.asm1,EX_trp__L_e,-0.0020892303379535,L-Tryptophan
W289_S348.asm1,EX_tyr__L_e,-0.0050682846908581,L-Tyrosine
W289_S348.asm1,EX_ura_e,-0.0059,Uracil
W289_S348.asm1,EX_val__L_e,-3.963073023123495,L-Valine
W289_S348.asm1,EX_xan_e,-0.002933184394954,Xanthine
W289_S348.asm1,EX_zn2_e,-1.2533250272543216e-05,Zinc
W289_S348.asm1,EX_cu_e,-2.605886933499455e-05,Cu+
W292_S349.asm1,EX_acald_e,0.0065957056533268,Acetaldehyde
W292_S349.asm1,EX_ala__L_e,-0.1809082729585184,L-Alanine
W292_S349.asm1,EX_arg__L_e,-0.0108716573742407,L-Arginine
W292_S349.asm1,EX_asn__L_e,-0.0088598318019,L-Asparagine
W292_S349.asm1,EX_asp__L_e,-0.0129836846285625,L-Aspartate
W292_S349.asm1,EX_ca2_e,-0.0001913066500545,Calcium
W292_S349.asm1,EX_cl_e,-0.0001913066500545,Chloride
W292_S349.asm1,EX_co2_e,3.982685669573749,CO2 CO2
W292_S349.asm1,EX_cobalt2_e,-3.675439962622645e-06,Co2+
W292_S349.asm1,EX_csn_e,-0.0059,Cytosine
W292_S349.asm1,EX_cys__L_e,-0.0033871384519545,L-Cysteine
W292_S349.asm1,EX_fe2_e,-0.0002468057934901,Fe2+ mitochondria
W292_S349.asm1,EX_fe3_e,-0.0002869783522815,Iron (Fe3+)
W292_S349.asm1,EX_for_e,6.073664538233862e-05,Formate
W292_S349.asm1,EX_glu__L_e,-0.0311730235165866,L-Glutamate
W292_S349.asm1,EX_gua_e,-0.006,Guanine
W292_S349.asm1,EX_h2o_e,-4.017970536884148,H2O H2O
W292_S349.asm1,EX_his__L_e,-0.0034820383117894,L-Histidine
W292_S349.asm1,EX_ile__L_e,-0.0106782189690079,L-Isoleucine
W292_S349.asm1,EX_isobuta_e,3.9496441626433625,Isobutyric acid
W292_S349.asm1,EX_k_e,-0.007174201526242,Potassium
W292_S349.asm1,EX_leu__L_e,-0.0165589964180034,L-Leucine
W292_S349.asm1,EX_lys__L_e,-0.0126126765301354,L-Lysine
W292_S349.asm1,EX_met__L_e,-0.0056568328920728,L-Methionine
W292_S349.asm1,EX_mg2_e,-0.0003188444167575,Magnesium
W292_S349.asm1,EX_mn2_e,-2.5397290141722477e-05,Manganese
W292_S349.asm1,EX_nh4_e,5.198565617712655,Ammonium
W292_S349.asm1,EX_no3_e,-1.1520856272127762,Nitrate
W292_S349.asm1,EX_phe__L_e,-0.0068093038467528,L-Phenylalanine
W292_S349.asm1,EX_pi_e,-0.036243256190619,Phosphate
W292_S349.asm1,EX_sel_e,-2.0913253387322417e-05,Selenate
W292_S349.asm1,EX_ser__L_e,-0.0239714307740189,L-Serine
W292_S349.asm1,EX_slnt_e,2.0913253387322417e-05,Selenite
W292_S349.asm1,EX_so4_e,-0.0001594405855785,Sulfate
W292_S349.asm1,EX_thm_e,-8.196231116648498e-06,Thiamin
W292_S349.asm1,EX_thr__L_e,-0.0232918694907353,L-Threonine
W292_S349.asm1,EX_trp__L_e,-0.0020892303379535,L-Tryptophan
W292_S349.asm1,EX_tyr__L_e,-0.0050682846908581,L-Tyrosine
W292_S349.asm1,EX_ura_e,-0.0059,Uracil
W292_S349.asm1,EX_val__L_e,-3.96521839843218,L-Valine
W292_S349.asm1,EX_xan_e,-0.002933184394954,Xanthine
W292_S349.asm1,EX_zn2_e,-1.2533250272543216e-05,Zinc
W292_S349.asm1,EX_cu_e,-2.605886933499455e-05,Cu+
W290_S156.asm1,EX_acald_e,0.0066380467216958,Acetaldehyde
W290_S156.asm1,EX_ala__L_e,-0.1658906457976437,L-Alanine
W290_S156.asm1,EX_arg__L_e,-0.0108716573742407,L-Arginine
W290_S156.asm1,EX_asn__L_e,-0.0088598318019,L-Asparagine
W290_S156.asm1,EX_asp__L_e,-0.028001311789438,L-Aspartate
W290_S156.asm1,EX_ca2_e,-0.0001913066500545,Calcium
W290_S156.asm1,EX_cl_e,-0.0001913066500545,Chloride
W290_S156.asm1,EX_co2_e,3.997420571391455,CO2 CO2
W290_S156.asm1,EX_cobalt2_e,-3.675439962622645e-06,Co2+
W290_S156.asm1,EX_csn_e,-0.0059,Cytosine
W290_S156.asm1,EX_cys__L_e,-0.0033871384519545,L-Cysteine
W290_S156.asm1,EX_fe2_e,-0.0002468057934901,Fe2+ mitochondria
W290_S156.asm1,EX_fe3_e,-0.0002869783522815,Iron (Fe3+)
W290_S156.asm1,EX_for_e,6.07366453823403e-05,Formate
W290_S156.asm1,EX_glu__L_e,-0.0348484634792088,L-Glutamate
W290_S156.asm1,EX_gua_e,-0.006,Guanine
W290_S156.asm1,EX_h2o_e,-4.021053726952459,H2O H2O
W290_S156.asm1,EX_his__L_e,-0.0034820383117894,L-Histidine
W290_S156.asm1,EX_ile__L_e,-0.0106782189690079,L-Isoleucine
W290_S156.asm1,EX_isobuta_e,3.9456648268033847,Isobutyric acid
W290_S156.asm1,EX_k_e,-0.007174201526242,Potassium
W290_S156.asm1,EX_leu__L_e,-0.0165589964180034,L-Leucine
W290_S156.asm1,EX_lys__L_e,-0.0126126765301354,L-Lysine
W290_S156.asm1,EX_met__L_e,-0.0056568328920728,L-Methionine
W290_S156.asm1,EX_mg2_e,-0.0003188444167575,Magnesium
W290_S156.asm1,EX_mn2_e,-2.5397290141722477e-05,Manganese
W290_S156.asm1,EX_nh4_e,5.197038451405685,Ammonium
W290_S156.asm1,EX_no3_e,-1.150862356783163,Nitrate
W290_S156.asm1,EX_phe__L_e,-0.0068093038467528,L-Phenylalanine
W290_S156.asm1,EX_pi_e,-0.0362432561906205,Phosphate
W290_S156.asm1,EX_pnto__R_e,-2.117053418470606e-05,(R)-Pantothenate
W290_S156.asm1,EX_sel_e,-2.091325338732409e-05,Selenate
W290_S156.asm1,EX_ser__L_e,-0.0239502602398351,L-Serine
W290_S156.asm1,EX_slnt_e,2.091325338732409e-05,Selenite
W290_S156.asm1,EX_so4_e,-0.0001594405855785,Sulfate
W290_S156.asm1,EX_succ_e,0.0036754399626226,Succinate
W290_S156.asm1,EX_thm_e,-8.196231116648498e-06,Thiamin
W290_S156.asm1,EX_thr__L_e,-0.0233130400249196,L-Threonine
W290_S156.asm1,EX_trp__L_e,-0.0020892303379535,L-Tryptophan
W290_S156.asm1,EX_tyr__L_e,-0.0050682846908581,L-Tyrosine
W290_S156.asm1,EX_ura_e,-0.0059,Uracil
W290_S156.asm1,EX_val__L_e,-3.961217892058018,L-Valine
W290_S156.asm1,EX_xan_e,-0.002933184394954,Xanthine
W290_S156.asm1,EX_zn2_e,-1.2533250272543216e-05,Zinc
W290_S156.asm1,EX_cu_e,-2.605886933499455e-05,Cu+
M1_S149.asm1,EX_4abz_e,-2.4588693349946276e-05,4-Aminobenzoate
M1_S149.asm1,EX_4hba_e,1.3029434667497274e-05,4-Hydroxy-benzyl alcohol
M1_S149.asm1,EX_acald_e,0.0065957056533256,Acetaldehyde
M1_S149.asm1,EX_arg__L_e,-0.0108716573742407,L-Arginine
M1_S149.asm1,EX_asn__L_e,-0.0088598318019,L-Asparagine
M1_S149.asm1,EX_asp__L_e,-0.1938758438457136,L-Aspartate
M1_S149.asm1,EX_ca2_e,-0.0001913066500545,Calcium
M1_S149.asm1,EX_cl_e,-0.0001913066500545,Chloride
M1_S149.asm1,EX_co2_e,4.29412742569991,CO2 CO2
M1_S149.asm1,EX_cobalt2_e,-3.675439962622645e-06,Co2+
M1_S149.asm1,EX_csn_e,-0.0059,Cytosine
M1_S149.asm1,EX_cys__L_e,-0.003400167886622,L-Cysteine
M1_S149.asm1,EX_fe2_e,-0.0002468057934901,Fe2+ mitochondria
M1_S149.asm1,EX_fe3_e,-0.0002869783522815,Iron (Fe3+)
M1_S149.asm1,EX_for_e,7.376608004983727e-05,Formate
M1_S149.asm1,EX_glu__L_e,-0.0311730235165859,L-Glutamate
M1_S149.asm1,EX_gua_e,-0.006,Guanine
M1_S149.asm1,EX_h2o_e,-4.278464222693421,H2O H2O
M1_S149.asm1,EX_his__L_e,-0.0034820383117894,L-Histidine
M1_S149.asm1,EX_ile__L_e,-0.0106782189690079,L-Isoleucine
M1_S149.asm1,EX_isobuta_e,3.923450959915738,Isobutyric acid
M1_S149.asm1,EX_k_e,-0.007174201526242,Potassium
M1_S149.asm1,EX_leu__L_e,-0.0165589964180034,L-Leucine
M1_S149.asm1,EX_lys__L_e,-0.0126126765301354,L-Lysine
M1_S149.asm1,EX_met__L_e,-0.0056568328920728,L-Methionine
M1_S149.asm1,EX_mg2_e,-0.0003188444167575,Magnesium
M1_S149.asm1,EX_mn2_e,-2.5397290141722477e-05,Manganese
M1_S149.asm1,EX_nh4_e,5.303171558953146,Ammonium
M1_S149.asm1,EX_no3_e,-1.1261725848962807,Nitrate
M1_S149.asm1,EX_phe__L_e,-0.0068093038467528,L-Phenylalanine
M1_S149.asm1,EX_pi_e,-0.1145983692156043,Phosphate
M1_S149.asm1,EX_ppap_e,0.0783551130249829,Propanoyl phosphate
M1_S149.asm1,EX_ser__L_e,-0.0239649160566878,L-Serine
M1_S149.asm1,EX_so4_e,-0.0001594405855785,Sulfate
M1_S149.asm1,EX_thm_e,4.833203550848776e-06,Thiamin
M1_S149.asm1,EX_thr__L_e,-0.0232918694907341,L-Threonine
M1_S149.asm1,EX_thym_e,-0.0783551130249829,Thymine C5H6N2O2
M1_S149.asm1,EX_trp__L_e,-0.0020892303379535,L-Tryptophan
M1_S149.asm1,EX_tyr__L_e,-0.0050813141255256,L-Tyrosine
M1_S149.asm1,EX_ura_e,-0.0059,Uracil
M1_S149.asm1,EX_val__L_e,-3.939025195704556,L-Valine
M1_S149.asm1,EX_xan_e,-0.0029396991122878,Xanthine
M1_S149.asm1,EX_zn2_e,-1.2533250272543216e-05,Zinc
M1_S149.asm1,EX_cu_e,-2.605886933499455e-05,Cu+
M14_S347.asm1,EX_5drib_e,1.3029434667497274e-05,5'-deoxyribose
M14_S347.asm1,EX_acald_e,6.246910422349206,Acetaldehyde
M14_S347.asm1,EX_ala__L_e,-0.1938565784145766,L-Alanine
M14_S347.asm1,EX_arg__L_e,-0.0108716573742407,L-Arginine
M14_S347.asm1,EX_asn__L_e,-0.0088598318019,L-Asparagine
M14_S347.asm1,EX_ca2_e,-0.0001913066500545,Calcium
M14_S347.asm1,EX_cl_e,-0.0001913066500545,Chloride
M14_S347.asm1,EX_co2_e,24.207700159041515,CO2 CO2
M14_S347.asm1,EX_cobalt2_e,-3.675439962622645e-06,Co2+
M14_S347.asm1,EX_cresol_e,1.3029434667497274e-05,4-Cresol
M14_S347.asm1,EX_csn_e,-0.0059,Cytosine
M14_S347.asm1,EX_cys__L_e,-0.003400167886622,L-Cysteine
M14_S347.asm1,EX_fe2_e,-0.0002468057934901,Fe2+ mitochondria
M14_S347.asm1,EX_fe3_e,-0.0002869783522815,Iron (Fe3+)
M14_S347.asm1,EX_fol_e,-2.45886933499459e-05,Folate
M14_S347.asm1,EX_for_e,6.256898301807234,Formate
M14_S347.asm1,EX_gln__L_e,-0.0230236910138587,L-Glutamine
M14_S347.asm1,EX_gua_e,-0.006,Guanine
M14_S347.asm1,EX_h2o_e,-24.40447991224964,H2O H2O
M14_S347.asm1,EX_his__L_e,-0.0034820383117894,L-Histidine
M14_S347.asm1,EX_ile__L_e,-0.0106782189690079,L-Isoleucine
M14_S347.asm1,EX_isobuta_e,17.914201642314488,Isobutyric acid
M14_S347.asm1,EX_k_e,-0.007174201526242,Potassium
M14_S347.asm1,EX_lys__L_e,-0.0126126765301354,L-Lysine
M14_S347.asm1,EX_met__L_e,-0.0056568328920728,L-Methionine
M14_S347.asm1,EX_mg2_e,-0.0003188444167575,Magnesium
M14_S347.asm1,EX_mn2_e,-2.5397290141722477e-05,Manganese
M14_S347.asm1,EX_nh4_e,32.14710469197285,Ammonium
M14_S347.asm1,EX_no3_e,-7.856162534177246,Nitrate
M14_S347.asm1,EX_phe__L_e,-0.0068093038467528,L-Phenylalanine
M14_S347.asm1,EX_pi_e,-0.0362432561906241,Phosphate
M14_S347.asm1,EX_pro__L_e,-0.0081247438093754,L-Proline
M14_S347.asm1,EX_sel_e,-9.35399470487463e-06,Selenate
M14_S347.asm1,EX_ser__L_e,-0.0239649160566887,L-Serine
M14_S347.asm1,EX_slnt_e,9.35399470487463e-06,Selenite
M14_S347.asm1,EX_so4_e,-0.0001594405855785,Sulfate
M14_S347.asm1,EX_thm_e,4.833203550848776e-06,Thiamin
M14_S347.asm1,EX_thr__L_e,-6.280165582604618,L-Threonine
M14_S347.asm1,EX_trp__L_e,-0.0020892303379535,L-Tryptophan
M14_S347.asm1,EX_tyr__L_e,-0.0050813141255256,L-Tyrosine
M14_S347.asm1,EX_ura_e,-0.0059,Uracil
M14_S347.asm1,EX_val__L_e,-17.94633487452131,L-Valine
M14_S347.asm1,EX_xan_e,-0.0029151104189378,Xanthine
M14_S347.asm1,EX_zn2_e,-1.2533250272543216e-05,Zinc
M14_S347.asm1,EX_cu_e,-2.605886933499455e-05,Cu+
M11_S154.asm1,EX_5drib_e,1.3029434667497274e-05,5'-deoxyribose
M11_S154.asm1,EX_acald_e,0.0066168761875111,Acetaldehyde
M11_S154.asm1,EX_ala__L_e,-0.1809777632767457,L-Alanine
M11_S154.asm1,EX_arg__L_e,-0.0108716573742407,L-Arginine
M11_S154.asm1,EX_asn__L_e,-0.0088598318019,L-Asparagine
M11_S154.asm1,EX_asp__L_e,-0.0129983404454134,L-Aspartate
M11_S154.asm1,EX_ca2_e,-0.0001913066500545,Calcium
M11_S154.asm1,EX_cl_e,-0.0001913066500545,Chloride
M11_S154.asm1,EX_co2_e,3.983313542794813,CO2 CO2
M11_S154.asm1,EX_cobalt2_e,-3.675439962622645e-06,Co2+
M11_S154.asm1,EX_cresol_e,1.3029434667497274e-05,4-Cresol
M11_S154.asm1,EX_csn_e,-0.0059,Cytosine
M11_S154.asm1,EX_cys__L_e,-0.003400167886622,L-Cysteine
M11_S154.asm1,EX_fe2_e,-0.0002468057934901,Fe2+ mitochondria
M11_S154.asm1,EX_fe3_e,-0.0002869783522815,Iron (Fe3+)
M11_S154.asm1,EX_for_e,7.376608004983754e-05,Formate
M11_S154.asm1,EX_glu__L_e,-0.031173023516586,L-Glutamate
M11_S154.asm1,EX_gua_e,-0.006,Guanine
M11_S154.asm1,EX_h2o_e,-4.018611367343736,H2O H2O
M11_S154.asm1,EX_his__L_e,-0.0034820383117894,L-Histidine
M11_S154.asm1,EX_ile__L_e,-0.0106782189690079,L-Isoleucine
M11_S154.asm1,EX_isobuta_e,3.9502036359267216,Isobutyric acid
M11_S154.asm1,EX_k_e,-0.007174201526242,Potassium
M11_S154.asm1,EX_leu__L_e,-0.0165589964180034,L-Leucine
M11_S154.asm1,EX_lys__L_e,-0.0126126765301354,L-Lysine
M11_S154.asm1,EX_met__L_e,-0.0056568328920728,L-Methionine
M11_S154.asm1,EX_mg2_e,-0.0003188444167575,Magnesium
M11_S154.asm1,EX_mn2_e,-2.5397290141722477e-05,Manganese
M11_S154.asm1,EX_nh4_e,5.199371055376288,Ammonium
M11_S154.asm1,EX_no3_e,-1.1522539601753057,Nitrate
M11_S154.asm1,EX_phe__L_e,-0.0068093038467528,L-Phenylalanine
M11_S154.asm1,EX_pi_e,-0.0362432561906193,Phosphate
M11_S154.asm1,EX_ser__L_e,-0.023964916056686,L-Serine
M11_S154.asm1,EX_so4_e,-0.0001594405855785,Sulfate
M11_S154.asm1,EX_thr__L_e,-0.0232918694907349,L-Threonine
M11_S154.asm1,EX_trp__L_e,-0.0020892303379535,L-Tryptophan
M11_S154.asm1,EX_tyr__L_e,-0.0050813141255256,L-Tyrosine
M11_S154.asm1,EX_ura_e,-0.0059,Uracil
M11_S154.asm1,EX_val__L_e,-3.96577787171554,L-Valine
M11_S154.asm1,EX_xan_e,-0.0029396991122878,Xanthine
M11_S154.asm1,EX_zn2_e,-1.2533250272543216e-05,Zinc
M11_S154.asm1,EX_cu_e,-2.605886933499455e-05,Cu+
M11_S154.asm1,EX_thm_e,4.833203550848776e-06,Thiamin
W296_S350.asm1,EX_5drib_e,1.3029434667497274e-05,5'-deoxyribose
W296_S350.asm1,EX_acald_e,0.0066168761875111,Acetaldehyde
W296_S350.asm1,EX_ala__L_e,-0.1809777632767457,L-Alanine
W296_S350.asm1,EX_arg__L_e,-0.0108716573742407,L-Arginine
W296_S350.asm1,EX_asn__L_e,-0.0088598318019,L-Asparagine
W296_S350.asm1,EX_asp__L_e,-0.0129983404454134,L-Aspartate
W296_S350.asm1,EX_ca2_e,-0.0001913066500545,Calcium
W296_S350.asm1,EX_cl_e,-0.0001913066500545,Chloride
W296_S350.asm1,EX_co2_e,3.983313542794813,CO2 CO2
W296_S350.asm1,EX_cobalt2_e,-3.675439962622645e-06,Co2+
W296_S350.asm1,EX_cresol_e,1.3029434667497274e-05,4-Cresol
W296_S350.asm1,EX_csn_e,-0.0059,Cytosine
W296_S350.asm1,EX_cys__L_e,-0.003400167886622,L-Cysteine
W296_S350.asm1,EX_fe2_e,-0.0002468057934901,Fe2+ mitochondria
W296_S350.asm1,EX_fe3_e,-0.0002869783522815,Iron (Fe3+)
W296_S350.asm1,EX_for_e,7.376608004983754e-05,Formate
W296_S350.asm1,EX_glu__L_e,-0.031173023516586,L-Glutamate
W296_S350.asm1,EX_gua_e,-0.006,Guanine
W296_S350.asm1,EX_h2o_e,-4.018611367343736,H2O H2O
W296_S350.asm1,EX_his__L_e,-0.0034820383117894,L-Histidine
W296_S350.asm1,EX_ile__L_e,-0.0106782189690079,L-Isoleucine
W296_S350.asm1,EX_isobuta_e,3.9502036359267216,Isobutyric acid
W296_S350.asm1,EX_k_e,-0.007174201526242,Potassium
W296_S350.asm1,EX_leu__L_e,-0.0165589964180034,L-Leucine
W296_S350.asm1,EX_lys__L_e,-0.0126126765301354,L-Lysine
W296_S350.asm1,EX_met__L_e,-0.0056568328920728,L-Methionine
W296_S350.asm1,EX_mg2_e,-0.0003188444167575,Magnesium
W296_S350.asm1,EX_mn2_e,-2.5397290141722477e-05,Manganese
W296_S350.asm1,EX_nh4_e,5.199371055376288,Ammonium
W296_S350.asm1,EX_no3_e,-1.1522539601753057,Nitrate
W296_S350.asm1,EX_phe__L_e,-0.0068093038467528,L-Phenylalanine
W296_S350.asm1,EX_pi_e,-0.0362432561906193,Phosphate
W296_S350.asm1,EX_ser__L_e,-0.023964916056686,L-Serine
W296_S350.asm1,EX_so4_e,-0.0001594405855785,Sulfate
W296_S350.asm1,EX_thr__L_e,-0.0232918694907349,L-Threonine
W296_S350.asm1,EX_trp__L_e,-0.0020892303379535,L-Tryptophan
W296_S350.asm1,EX_tyr__L_e,-0.0050813141255256,L-Tyrosine
W296_S350.asm1,EX_ura_e,-0.0059,Uracil
W296_S350.asm1,EX_val__L_e,-3.96577787171554,L-Valine
W296_S350.asm1,EX_xan_e,-0.0029396991122878,Xanthine
W296_S350.asm1,EX_zn2_e,-1.2533250272543216e-05,Zinc
W296_S350.asm1,EX_cu_e,-2.605886933499455e-05,Cu+
W296_S350.asm1,EX_thm_e,4.833203550848776e-06,Thiamin
W295_S160.asm1,EX_acald_e,0.0066168761875102,Acetaldehyde
W295_S160.asm1,EX_arg__L_e,-0.0108716573742407,L-Arginine
W295_S160.asm1,EX_asn__L_e,-0.0088598318019,L-Asparagine
W295_S160.asm1,EX_asp__L_e,-0.1939543879977146,L-Aspartate
W295_S160.asm1,EX_ca2_e,-0.0001913066500545,Calcium
W295_S160.asm1,EX_cl_e,-0.0001913066500545,Chloride
W295_S160.asm1,EX_co2_e,4.496361098048422,CO2 CO2
W295_S160.asm1,EX_cobalt2_e,-3.675439962622645e-06,Co2+
W295_S160.asm1,EX_csn_e,-0.0059,Cytosine
W295_S160.asm1,EX_cys__L_e,-0.003400167886622,L-Cysteine
W295_S160.asm1,EX_fe2_e,-0.0002468057934901,Fe2+ mitochondria
W295_S160.asm1,EX_fe3_e,-0.0002869783522815,Iron (Fe3+)
W295_S160.asm1,EX_for_e,7.376608004983727e-05,Formate
W295_S160.asm1,EX_glu__L_e,-0.0311730235165862,L-Glutamate
W295_S160.asm1,EX_gua_e,-0.006,Guanine
W295_S160.asm1,EX_h2o_e,-4.43818885084761,H2O H2O
W295_S160.asm1,EX_his__L_e,-0.0034820383117894,L-Histidine
W295_S160.asm1,EX_ile__L_e,-0.0106782189690079,L-Isoleucine
W295_S160.asm1,EX_isobuta_e,4.282295143628031,Isobutyric acid
W295_S160.asm1,EX_k_e,-0.007174201526242,Potassium
W295_S160.asm1,EX_leu__L_e,-0.0165589964180034,L-Leucine
W295_S160.asm1,EX_lys__L_e,-0.0126126765301354,L-Lysine
W295_S160.asm1,EX_met__L_e,-0.0056568328920728,L-Methionine
W295_S160.asm1,EX_mg2_e,-0.0003188444167575,Magnesium
W295_S160.asm1,EX_mn2_e,-2.5397290141722477e-05,Manganese
W295_S160.asm1,EX_nh4_e,5.612977472367689,Ammonium
W295_S160.asm1,EX_no3_e,-1.2337905851898472,Nitrate
W295_S160.asm1,EX_phe__L_e,-0.0068093038467528,L-Phenylalanine
W295_S160.asm1,EX_pi_e,-0.0362432561906252,Phosphate
W295_S160.asm1,EX_ser__L_e,-0.0239649160566878,L-Serine
W295_S160.asm1,EX_so4_e,-0.0001594405855785,Sulfate
W295_S160.asm1,EX_thm_e,4.833203550848776e-06,Thiamin
W295_S160.asm1,EX_thr__L_e,-0.023291869490734,L-Threonine
W295_S160.asm1,EX_trp__L_e,-0.0020892303379535,L-Tryptophan
W295_S160.asm1,EX_tyr__L_e,-0.0050813141255256,L-Tyrosine
W295_S160.asm1,EX_ura_e,-0.0059,Uracil
W295_S160.asm1,EX_val__L_e,-4.2978693794168485,L-Valine
W295_S160.asm1,EX_xan_e,-0.0029396991122878,Xanthine
W295_S160.asm1,EX_zn2_e,-1.2533250272543216e-05,Zinc
W295_S160.asm1,EX_cu_e,-2.605886933499455e-05,Cu+
M13_S155.asm1,EX_4abz_e,-2.924580796100383e-06,4-Aminobenzoate
M13_S155.asm1,EX_5drib_e,0.0002020486892661,5'-deoxyribose
M13_S155.asm1,EX_acald_e,0.236747560816205,Acetaldehyde
M13_S155.asm1,EX_arg__L_e,-0.0012930756395218,L-Arginine
M13_S155.asm1,EX_asn__L_e,-0.0010537889742958,L-Asparagine
M13_S155.asm1,EX_asp__L_e,-0.0015009044820142,L-Aspartate
M13_S155.asm1,EX_ca2_e,-2.2754025476385584e-05,Calcium
M13_S155.asm1,EX_cl_e,-2.2754025476385584e-05,Chloride
M13_S155.asm1,EX_co2_e,0.0726632454156233,CO2 CO2
M13_S155.asm1,EX_cobalt2_e,-4.371570696711928e-07,Co2+
M13_S155.asm1,EX_cresol_e,0.0002020486892661,4-Cresol
M13_S155.asm1,EX_csn_e,-0.0007017463860896,Cytosine
M13_S155.asm1,EX_cys__L_e,-0.0006049151583923,L-Cysteine
M13_S155.asm1,EX_fe2_e,-2.9355097228420596e-05,Fe2+ mitochondria
M13_S155.asm1,EX_fe3_e,-3.413322399992673e-05,Iron (Fe3+)
M13_S155.asm1,EX_for_e,0.2065746204587495,Formate
M13_S155.asm1,EX_glu__L_e,-0.0027413638966303,L-Glutamate
M13_S155.asm1,EX_gua_e,-0.0010632883974198,Guanine
M13_S155.asm1,EX_h2o_e,-0.3662272672175227,H2O H2O
M13_S155.asm1,EX_his__L_e,-0.000414153864665,L-Histidine
M13_S155.asm1,EX_ile__L_e,-0.001270068062945,L-Isoleucine
M13_S155.asm1,EX_k_e,-0.0008532999990032,Potassium
M13_S155.asm1,EX_leu__L_e,-0.0019695281175603,L-Leucine
M13_S155.asm1,EX_lys__L_e,-0.0015001525718543,L-Lysine
M13_S155.asm1,EX_met__L_e,-0.0006728240743602,L-Methionine
M13_S155.asm1,EX_mg2_e,-3.792337579397598e-05,Magnesium
M13_S155.asm1,EX_mn2_e,-3.020755351427942e-06,Manganese
M13_S155.asm1,EX_nh4_e,0.1606337730430372,Ammonium
M13_S155.asm1,EX_no3_e,-0.0350248483452567,Nitrate
M13_S155.asm1,EX_phe__L_e,-0.0008098990451263,L-Phenylalanine
M13_S155.asm1,EX_pi_e,-0.0236161977055726,Phosphate
M13_S155.asm1,EX_ppap_e,0.01930542244254,Propanoyl phosphate
M13_S155.asm1,EX_pro__L_e,-0.0009663575603616,L-Proline
M13_S155.asm1,EX_pydxn_e,-0.097,Pyridoxine
M13_S155.asm1,EX_ser__L_e,-0.0031689943769882,L-Serine
M13_S155.asm1,EX_so4_e,-1.896387368233634e-05,Sulfate
M13_S155.asm1,EX_thm_e,0.0002010738290008,Thiamin
M13_S155.asm1,EX_thr__L_e,-0.0024517307884555,L-Threonine
M13_S155.asm1,EX_thym_e,-0.0191873157170269,Thymine C5H6N2O2
M13_S155.asm1,EX_trp__L_e,-0.0002484931931131,L-Tryptophan
M13_S155.asm1,EX_tyr__L_e,-0.0008048708020599,L-Tyrosine
M13_S155.asm1,EX_ura_e,-0.0008649720927635,Uracil
M13_S155.asm1,EX_val__L_e,-0.0018524006238833,L-Valine
M13_S155.asm1,EX_zn2_e,-1.4907056075787671e-06,Zinc
M13_S155.asm1,EX_cu_e,-3.0994436239687565e-06,Cu+
M10_S153.asm1,EX_4hba_e,1.3029434667497273e-05,4-Hydroxy-benzyl alcohol
M10_S153.asm1,EX_ala__L_e,-3.442540352408557,L-Alanine
M10_S153.asm1,EX_arg__L_e,-0.0108716573742407,L-Arginine
M10_S153.asm1,EX_asn__L_e,-0.0088598318019,L-Asparagine
M10_S153.asm1,EX_asp__L_e,-0.0279947970721049,L-Aspartate
M10_S153.asm1,EX_ca2_e,-0.0001913066500545,Calcium
M10_S153.asm1,EX_cl_e,-0.0001913066500545,Chloride
M10_S153.asm1,EX_co2_e,12.721102446407572,CO2 CO2
M10_S153.asm1,EX_cobalt2_e,-3.675439962622644e-06,Co2+
M10_S153.asm1,EX_csn_e,-0.0059,Cytosine
M10_S153.asm1,EX_cys__L_e,-0.003400167886622,L-Cysteine
M10_S153.asm1,EX_fe2_e,-0.0002468057934901,Fe2+ mitochondria
M10_S153.asm1,EX_fe3_e,-0.0002869783522815,Iron (Fe3+)
M10_S153.asm1,EX_fol_e,-2.45886933499459e-05,Folate
M10_S153.asm1,EX_for_e,3.276749464177233,Formate
M10_S153.asm1,EX_gln__L_e,-0.0320750499922108,L-Glutamine
M10_S153.asm1,EX_glu__L_e,-3.2823939659682355,L-Glutamate
M10_S153.asm1,EX_gua_e,-0.006,Guanine
M10_S153.asm1,EX_h2o_e,-10.032117829204868,H2O H2O
M10_S153.asm1,EX_his__L_e,-0.0034820383117894,L-Histidine
M10_S153.asm1,EX_ile__L_e,-0.0106782189690079,L-Isoleucine
M10_S153.asm1,EX_isobuta_e,6.106376091172557,Isobutyric acid
M10_S153.asm1,EX_k_e,-0.007174201526242,Potassium
M10_S153.asm1,EX_leu__L_e,-0.0165589964180034,L-Leucine
M10_S153.asm1,EX_lys__L_e,-0.0126126765301354,L-Lysine
M10_S153.asm1,EX_met__L_e,-0.0056568328920728,L-Methionine
M10_S153.asm1,EX_mg2_e,-0.0003188444167575,Magnesium
M10_S153.asm1,EX_mn2_e,-2.539729014172247e-05,Manganese
M10_S153.asm1,EX_nh4_e,12.294590003764416,Ammonium
M10_S153.asm1,EX_no3_e,-2.782592591486835,Nitrate
M10_S153.asm1,EX_phe__L_e,-0.0068093038467528,L-Phenylalanine
M10_S153.asm1,EX_pi_e,-0.0362432561906191,Phosphate
M10_S153.asm1,EX_ser__L_e,-0.0239649160566868,L-Serine
M10_S153.asm1,EX_so4_e,-0.0001594405855785,Sulfate
M10_S153.asm1,EX_thr__L_e,-0.0233164581840845,L-Threonine
M10_S153.asm1,EX_trp__L_e,-0.0020892303379535,L-Tryptophan
M10_S153.asm1,EX_tyr__L_e,-0.0050813141255256,L-Tyrosine
M10_S153.asm1,EX_ura_e,-0.0059,Uracil
M10_S153.asm1,EX_val__L_e,-2.8386297458241656,L-Valine
M10_S153.asm1,EX_xan_e,-0.0029151104189378,Xanthine
M10_S153.asm1,EX_zn2_e,-1.2533250272543216e-05,Zinc
M10_S153.asm1,EX_cu_e,-2.6058869334994545e-05,Cu+
M10_S153.asm1,EX_thm_e,4.833203550848776e-06,Thiamin
M6_S346.asm1,EX_4abz_e,-2.4588693349946276e-05,4-Aminobenzoate
M6_S346.asm1,EX_acald_e,0.0066168761875103,Acetaldehyde
M6_S346.asm1,EX_arg__L_e,-0.0108716573742407,L-Arginine
M6_S346.asm1,EX_asn__L_e,-0.0088598318019,L-Asparagine
M6_S346.asm1,EX_asp__L_e,-0.1938970143798983,L-Aspartate
M6_S346.asm1,EX_ca2_e,-0.0001913066500545,Calcium
M6_S346.asm1,EX_cl_e,-0.0001913066500545,Chloride
M6_S346.asm1,EX_co2_e,4.294556640292636,CO2 CO2
M6_S346.asm1,EX_cobalt2_e,-3.675439962622645e-06,Co2+
M6_S346.asm1,EX_csn_e,-0.0059,Cytosine
M6_S346.asm1,EX_cys__L_e,-0.003400167886622,L-Cysteine
M6_S346.asm1,EX_fe2_e,-0.0002468057934901,Fe2+ mitochondria
M6_S346.asm1,EX_fe3_e,-0.0002869783522815,Iron (Fe3+)
M6_S346.asm1,EX_for_e,7.376608004983727e-05,Formate
M6_S346.asm1,EX_glu__L_e,-0.0311730235165861,L-Glutamate
M6_S346.asm1,EX_gua_e,-0.006,Guanine
M6_S346.asm1,EX_h2o_e,-4.279007001487313,H2O H2O
M6_S346.asm1,EX_his__L_e,-0.0034820383117894,L-Histidine
M6_S346.asm1,EX_ile__L_e,-0.0106782189690079,L-Isoleucine
M6_S346.asm1,EX_isobuta_e,3.923812948747026,Isobutyric acid
M6_S346.asm1,EX_k_e,-0.007174201526242,Potassium
M6_S346.asm1,EX_leu__L_e,-0.0165589964180034,L-Leucine
M6_S346.asm1,EX_lys__L_e,-0.0126126765301354,L-Lysine
M6_S346.asm1,EX_met__L_e,-0.0056568328920728,L-Methionine
M6_S346.asm1,EX_mg2_e,-0.0003188444167575,Magnesium
M6_S346.asm1,EX_mn2_e,-2.5397290141722477e-05,Manganese
M6_S346.asm1,EX_nh4_e,5.303659501825845,Ammonium
M6_S346.asm1,EX_no3_e,-1.126252483710439,Nitrate
M6_S346.asm1,EX_phe__L_e,-0.0068093038467528,L-Phenylalanine
M6_S346.asm1,EX_pi_e,-0.1146108115621382,Phosphate
M6_S346.asm1,EX_ppap_e,0.0783675553715173,Propanoyl phosphate
M6_S346.asm1,EX_ser__L_e,-0.0239649160566878,L-Serine
M6_S346.asm1,EX_so4_e,-0.0001594405855785,Sulfate
M6_S346.asm1,EX_thm_e,4.833203550848776e-06,Thiamin
M6_S346.asm1,EX_thr__L_e,-0.0232918694907341,L-Threonine
M6_S346.asm1,EX_thym_e,-0.0783675553715173,Thymine C5H6N2O2
M6_S346.asm1,EX_trp__L_e,-0.0020892303379535,L-Tryptophan
M6_S346.asm1,EX_tyr__L_e,-0.0050813141255256,L-Tyrosine
M6_S346.asm1,EX_ura_e,-0.0059,Uracil
M6_S346.asm1,EX_val__L_e,-3.939387184535844,L-Valine
M6_S346.asm1,EX_xan_e,-0.0029396991122878,Xanthine
M6_S346.asm1,EX_zn2_e,-1.2533250272543216e-05,Zinc
M6_S346.asm1,EX_cu_e,-2.605886933499455e-05,Cu+
W294_S159.asm1,EX_4hba_e,1.3029434667497274e-05,4-Hydroxy-benzyl alcohol
W294_S159.asm1,EX_acald_e,0.00661687618751,Acetaldehyde
W294_S159.asm1,EX_ala__L_e,-0.1809560475523017,L-Alanine
W294_S159.asm1,EX_arg__L_e,-0.0108716573742407,L-Arginine
W294_S159.asm1,EX_asn__L_e,-0.0088598318019,L-Asparagine
W294_S159.asm1,EX_asp__L_e,-0.0129983404454134,L-Aspartate
W294_S159.asm1,EX_ca2_e,-0.0001913066500545,Calcium
W294_S159.asm1,EX_cl_e,-0.0001913066500545,Chloride
W294_S159.asm1,EX_co2_e,5.912826051261645,CO2 CO2
W294_S159.asm1,EX_cobalt2_e,-3.675439962622645e-06,Co2+
W294_S159.asm1,EX_csn_e,-0.0059,Cytosine
W294_S159.asm1,EX_cys__L_e,-0.003400167886622,L-Cysteine
W294_S159.asm1,EX_fe2_e,-0.0002468057934901,Fe2+ mitochondria
W294_S159.asm1,EX_fe3_e,-0.0002869783522815,Iron (Fe3+)
W294_S159.asm1,EX_for_e,0.1316627220609443,Formate
W294_S159.asm1,EX_glu__L_e,-0.0311730235165862,L-Glutamate
W294_S159.asm1,EX_gua_e,-0.006,Guanine
W294_S159.asm1,EX_h2_e,-6.096017289663417,Hydrogen
W294_S159.asm1,EX_h2o_e,-2.4834547636259448,H2O H2O
W294_S159.asm1,EX_his__L_e,-0.0034820383117894,L-Histidine
W294_S159.asm1,EX_ile__L_e,-0.0106782189690079,L-Isoleucine
W294_S159.asm1,EX_isobuta_e,5.879716144393555,Isobutyric acid
W294_S159.asm1,EX_k_e,-0.007174201526242,Potassium
W294_S159.asm1,EX_leu__L_e,-0.0165589964180034,L-Leucine
W294_S159.asm1,EX_lys__L_e,-0.0126126765301354,L-Lysine
W294_S159.asm1,EX_met__L_e,-0.0056568328920728,L-Methionine
W294_S159.asm1,EX_mg2_e,-0.0003188444167575,Magnesium
W294_S159.asm1,EX_mn2_e,-2.5397290141722477e-05,Manganese
W294_S159.asm1,EX_nh4_e,9.058512792031678,Ammonium
W294_S159.asm1,EX_no3_e,-2.9503159481074177,Nitrate
W294_S159.asm1,EX_phe__L_e,-0.0068093038467528,L-Phenylalanine
W294_S159.asm1,EX_pi_e,-0.1678322121715177,Phosphate
W294_S159.asm1,EX_ppap_e,0.1315889559808944,Propanoyl phosphate
W294_S159.asm1,EX_ser__L_e,-0.0239649160566883,L-Serine
W294_S159.asm1,EX_so4_e,-0.0001594405855785,Sulfate
W294_S159.asm1,EX_thr__L_e,-0.1548808254716283,L-Threonine
W294_S159.asm1,EX_trp__L_e,-0.0020892303379535,L-Tryptophan
W294_S159.asm1,EX_tyr__L_e,-0.0050813141255256,L-Tyrosine
W294_S159.asm1,EX_ura_e,-0.0059,Uracil
W294_S159.asm1,EX_val__L_e,-5.895290380182373,L-Valine
W294_S159.asm1,EX_xan_e,-0.0029396991122878,Xanthine
W294_S159.asm1,EX_zn2_e,-1.2533250272543216e-05,Zinc
W294_S159.asm1,EX_cu_e,-2.605886933499455e-05,Cu+
W294_S159.asm1,EX_thm_e,4.833203550848776e-06,Thiamin
W293_S158.asm1,EX_4abz_e,-2.4588693349946276e-05,4-Aminobenzoate
W293_S158.asm1,EX_acald_e,0.0066168761875103,Acetaldehyde
W293_S158.asm1,EX_arg__L_e,-0.0108716573742407,L-Arginine
W293_S158.asm1,EX_asn__L_e,-0.0088598318019,L-Asparagine
W293_S158.asm1,EX_asp__L_e,-0.1938970143798983,L-Aspartate
W293_S158.asm1,EX_ca2_e,-0.0001913066500545,Calcium
W293_S158.asm1,EX_cl_e,-0.0001913066500545,Chloride
W293_S158.asm1,EX_co2_e,4.294556640292636,CO2 CO2
W293_S158.asm1,EX_cobalt2_e,-3.675439962622645e-06,Co2+
W293_S158.asm1,EX_csn_e,-0.0059,Cytosine
W293_S158.asm1,EX_cys__L_e,-0.003400167886622,L-Cysteine
W293_S158.asm1,EX_fe2_e,-0.0002468057934901,Fe2+ mitochondria
W293_S158.asm1,EX_fe3_e,-0.0002869783522815,Iron (Fe3+)
W293_S158.asm1,EX_for_e,7.376608004983727e-05,Formate
W293_S158.asm1,EX_glu__L_e,-0.0311730235165861,L-Glutamate
W293_S158.asm1,EX_gua_e,-0.006,Guanine
W293_S158.asm1,EX_h2o_e,-4.279007001487313,H2O H2O
W293_S158.asm1,EX_his__L_e,-0.0034820383117894,L-Histidine
W293_S158.asm1,EX_ile__L_e,-0.0106782189690079,L-Isoleucine
W293_S158.asm1,EX_isobuta_e,3.923812948747026,Isobutyric acid
W293_S158.asm1,EX_k_e,-0.007174201526242,Potassium
W293_S158.asm1,EX_leu__L_e,-0.0165589964180034,L-Leucine
W293_S158.asm1,EX_lys__L_e,-0.0126126765301354,L-Lysine
W293_S158.asm1,EX_met__L_e,-0.0056568328920728,L-Methionine
W293_S158.asm1,EX_mg2_e,-0.0003188444167575,Magnesium
W293_S158.asm1,EX_mn2_e,-2.5397290141722477e-05,Manganese
W293_S158.asm1,EX_nh4_e,5.303659501825845,Ammonium
W293_S158.asm1,EX_no3_e,-1.126252483710439,Nitrate
W293_S158.asm1,EX_phe__L_e,-0.0068093038467528,L-Phenylalanine
W293_S158.asm1,EX_pi_e,-0.1146108115621382,Phosphate
W293_S158.asm1,EX_ppap_e,0.0783675553715173,Propanoyl phosphate
W293_S158.asm1,EX_ser__L_e,-0.0239649160566878,L-Serine
W293_S158.asm1,EX_so4_e,-0.0001594405855785,Sulfate
W293_S158.asm1,EX_thm_e,4.833203550848776e-06,Thiamin
W293_S158.asm1,EX_thr__L_e,-0.0232918694907341,L-Threonine
W293_S158.asm1,EX_thym_e,-0.0783675553715173,Thymine C5H6N2O2
W293_S158.asm1,EX_trp__L_e,-0.0020892303379535,L-Tryptophan
W293_S158.asm1,EX_tyr__L_e,-0.0050813141255256,L-Tyrosine
W293_S158.asm1,EX_ura_e,-0.0059,Uracil
W293_S158.asm1,EX_val__L_e,-3.939387184535844,L-Valine
W293_S158.asm1,EX_xan_e,-0.0029396991122878,Xanthine
W293_S158.asm1,EX_zn2_e,-1.2533250272543216e-05,Zinc
W293_S158.asm1,EX_cu_e,-2.605886933499455e-05,Cu+
